{"cameraMode":{"drawMode":0,"name":"Shaded","section":"Shading Mode"},"sceneLighting":true,"audioPlay":false,"sceneViewState":{"m_AlwaysRefresh":false,"showFog":true,"showSkybox":true,"showFlares":true,"showImageEffects":true,"showParticleSystems":true,"showVisualEffectGraphs":true,"m_FxEnabled":true},"in2DMode":false,"pivot":{"x":-1.040687084197998,"y":1.1918773651123047,"z":0.5676674842834473},"rotation":{"x":0.28526538610458376,"y":0.7140131592750549,"z":-0.47076287865638735,"w":0.43266966938972475},"size":6.502904891967773,"orthographic":false}