{"cameraMode":{"drawMode":0,"name":"Shaded","section":"Shading Mode"},"sceneLighting":true,"audioPlay":false,"sceneViewState":{"m_AlwaysRefresh":false,"showFog":true,"showSkybox":true,"showFlares":true,"showImageEffects":true,"showParticleSystems":true,"showVisualEffectGraphs":true,"m_FxEnabled":true},"in2DMode":false,"pivot":{"x":0.13000011444091798,"y":1.4020001888275147,"z":5.309999465942383},"rotation":{"x":0.33830374479293826,"y":0.06204591318964958,"z":-0.022360440343618394,"w":0.9387238621711731},"size":11.369439125061036,"orthographic":true}